,city,M1,M2,M3,avg
5,Ciudad de México,514,545,620,559.6666666666666
37,Zumpango,81,97,102,93.33333333333333
24,Puebla,78,93,95,88.66666666666667
10,Guadalajara,62,77,93,77.33333333333333
11,Hermosillo,36,71,83,63.333333333333336
